news_id,stream_order,timestamp,company,company_category,headline,content,source_type
R0001,1,2026-01-09T08:00:00Z,Nexvora Industries Pvt. Ltd.,fake,"Users question authenticity after inconsistent public records surface","Users question authenticity after inconsistent public records surface related to Nexvora Industries Pvt. Ltd.. Online sentiment and public commentary continue to evolve.",media
R0002,2,2026-01-09T08:03:00Z,Alturon Global Solutions,fake,"Online discussions allege misleading branding practices","Online discussions allege misleading branding practices related to Alturon Global Solutions. Online sentiment and public commentary continue to evolve.",media
R0003,3,2026-01-09T08:06:00Z,BlueCrest Manufacturing Co.,fake,"Industry watchers flag possible impersonation attempts","Industry watchers flag possible impersonation attempts related to BlueCrest Manufacturing Co.. Online sentiment and public commentary continue to evolve.",media
R0004,4,2026-01-09T08:09:00Z,Veridion Supply Systems,legitimate,"Operations remain stable despite online discussions","Operations remain stable despite online discussions related to Veridion Supply Systems. Online sentiment and public commentary continue to evolve.",media
R0005,5,2026-01-09T08:12:00Z,StratEdge Enterprises,legitimate,"Company issues clarification after minor public complaints","Company issues clarification after minor public complaints related to StratEdge Enterprises. Online sentiment and public commentary continue to evolve.",media
R0006,6,2026-01-09T08:15:00Z,Orbinex Components Ltd.,legitimate,"Positive response noted after transparent communication","Positive response noted after transparent communication related to Orbinex Components Ltd.. Online sentiment and public commentary continue to evolve.",media
R0007,7,2026-01-09T08:18:00Z,Kalyx Materials Group,legitimate,"Stakeholders acknowledge corrective action taken","Stakeholders acknowledge corrective action taken related to Kalyx Materials Group. Online sentiment and public commentary continue to evolve.",media
R0008,8,2026-01-09T08:21:00Z,Zenlith Logistics Corp.,legitimate,"Operations remain stable despite online discussions","Operations remain stable despite online discussions related to Zenlith Logistics Corp.. Online sentiment and public commentary continue to evolve.",media
R0009,9,2026-01-09T08:24:00Z,PrimeAxis Industrial Works,restricted,"Partners express frustration over extended approval timelines","Partners express frustration over extended approval timelines related to PrimeAxis Industrial Works. Online sentiment and public commentary continue to evolve.",media
R0010,10,2026-01-09T08:27:00Z,Solvex Trade & Sourcing,restricted,"Strict onboarding policies trigger negative sentiment","Strict onboarding policies trigger negative sentiment related to Solvex Trade & Sourcing. Online sentiment and public commentary continue to evolve.",media
R0011,11,2026-01-09T08:30:00Z,Nexvora Industries Pvt. Ltd.,fake,"Industry watchers flag possible impersonation attempts","Industry watchers flag possible impersonation attempts related to Nexvora Industries Pvt. Ltd.. Online sentiment and public commentary continue to evolve.",media
R0012,12,2026-01-09T08:33:00Z,Alturon Global Solutions,fake,"Concerns raised over unverifiable operational claims","Concerns raised over unverifiable operational claims related to Alturon Global Solutions. Online sentiment and public commentary continue to evolve.",media
R0013,13,2026-01-09T08:36:00Z,BlueCrest Manufacturing Co.,fake,"Users question authenticity after inconsistent public records surface","Users question authenticity after inconsistent public records surface related to BlueCrest Manufacturing Co.. Online sentiment and public commentary continue to evolve.",media
R0014,14,2026-01-09T08:39:00Z,Veridion Supply Systems,legitimate,"Positive response noted after transparent communication","Positive response noted after transparent communication related to Veridion Supply Systems. Online sentiment and public commentary continue to evolve.",media
R0015,15,2026-01-09T08:42:00Z,StratEdge Enterprises,legitimate,"Stakeholders acknowledge corrective action taken","Stakeholders acknowledge corrective action taken related to StratEdge Enterprises. Online sentiment and public commentary continue to evolve.",media
R0016,16,2026-01-09T08:45:00Z,Orbinex Components Ltd.,legitimate,"Operations remain stable despite online discussions","Operations remain stable despite online discussions related to Orbinex Components Ltd.. Online sentiment and public commentary continue to evolve.",media
R0017,17,2026-01-09T08:48:00Z,Kalyx Materials Group,legitimate,"Company issues clarification after minor public complaints","Company issues clarification after minor public complaints related to Kalyx Materials Group. Online sentiment and public commentary continue to evolve.",media
R0018,18,2026-01-09T08:51:00Z,Zenlith Logistics Corp.,legitimate,"Positive response noted after transparent communication","Positive response noted after transparent communication related to Zenlith Logistics Corp.. Online sentiment and public commentary continue to evolve.",media
R0019,19,2026-01-09T08:54:00Z,PrimeAxis Industrial Works,restricted,"Lengthy contract procedures spark industry debate","Lengthy contract procedures spark industry debate related to PrimeAxis Industrial Works. Online sentiment and public commentary continue to evolve.",media
R0020,20,2026-01-09T08:57:00Z,Solvex Trade & Sourcing,restricted,"Operational accessibility questioned by mid-sized firms","Operational accessibility questioned by mid-sized firms related to Solvex Trade & Sourcing. Online sentiment and public commentary continue to evolve.",media
R0021,21,2026-01-09T09:00:00Z,Nexvora Industries Pvt. Ltd.,fake,"Users question authenticity after inconsistent public records surface","Users question authenticity after inconsistent public records surface related to Nexvora Industries Pvt. Ltd.. Online sentiment and public commentary continue to evolve.",media
R0022,22,2026-01-09T09:03:00Z,Alturon Global Solutions,fake,"Online discussions allege misleading branding practices","Online discussions allege misleading branding practices related to Alturon Global Solutions. Online sentiment and public commentary continue to evolve.",media
R0023,23,2026-01-09T09:06:00Z,BlueCrest Manufacturing Co.,fake,"Industry watchers flag possible impersonation attempts","Industry watchers flag possible impersonation attempts related to BlueCrest Manufacturing Co.. Online sentiment and public commentary continue to evolve.",media
R0024,24,2026-01-09T09:09:00Z,Veridion Supply Systems,legitimate,"Operations remain stable despite online discussions","Operations remain stable despite online discussions related to Veridion Supply Systems. Online sentiment and public commentary continue to evolve.",media
R0025,25,2026-01-09T09:12:00Z,StratEdge Enterprises,legitimate,"Company issues clarification after minor public complaints","Company issues clarification after minor public complaints related to StratEdge Enterprises. Online sentiment and public commentary continue to evolve.",media
R0026,26,2026-01-09T09:15:00Z,Orbinex Components Ltd.,legitimate,"Positive response noted after transparent communication","Positive response noted after transparent communication related to Orbinex Components Ltd.. Online sentiment and public commentary continue to evolve.",media
R0027,27,2026-01-09T09:18:00Z,Kalyx Materials Group,legitimate,"Stakeholders acknowledge corrective action taken","Stakeholders acknowledge corrective action taken related to Kalyx Materials Group. Online sentiment and public commentary continue to evolve.",media
R0028,28,2026-01-09T09:21:00Z,Zenlith Logistics Corp.,legitimate,"Operations remain stable despite online discussions","Operations remain stable despite online discussions related to Zenlith Logistics Corp.. Online sentiment and public commentary continue to evolve.",media
R0029,29,2026-01-09T09:24:00Z,PrimeAxis Industrial Works,restricted,"Partners express frustration over extended approval timelines","Partners express frustration over extended approval timelines related to PrimeAxis Industrial Works. Online sentiment and public commentary continue to evolve.",media
R0030,30,2026-01-09T09:27:00Z,Solvex Trade & Sourcing,restricted,"Strict onboarding policies trigger negative sentiment","Strict onboarding policies trigger negative sentiment related to Solvex Trade & Sourcing. Online sentiment and public commentary continue to evolve.",media
R0031,31,2026-01-09T09:30:00Z,Nexvora Industries Pvt. Ltd.,fake,"Industry watchers flag possible impersonation attempts","Industry watchers flag possible impersonation attempts related to Nexvora Industries Pvt. Ltd.. Online sentiment and public commentary continue to evolve.",media
R0032,32,2026-01-09T09:33:00Z,Alturon Global Solutions,fake,"Concerns raised over unverifiable operational claims","Concerns raised over unverifiable operational claims related to Alturon Global Solutions. Online sentiment and public commentary continue to evolve.",media
R0033,33,2026-01-09T09:36:00Z,BlueCrest Manufacturing Co.,fake,"Users question authenticity after inconsistent public records surface","Users question authenticity after inconsistent public records surface related to BlueCrest Manufacturing Co.. Online sentiment and public commentary continue to evolve.",media
R0034,34,2026-01-09T09:39:00Z,Veridion Supply Systems,legitimate,"Positive response noted after transparent communication","Positive response noted after transparent communication related to Veridion Supply Systems. Online sentiment and public commentary continue to evolve.",media
R0035,35,2026-01-09T09:42:00Z,StratEdge Enterprises,legitimate,"Stakeholders acknowledge corrective action taken","Stakeholders acknowledge corrective action taken related to StratEdge Enterprises. Online sentiment and public commentary continue to evolve.",media
R0036,36,2026-01-09T09:45:00Z,Orbinex Components Ltd.,legitimate,"Operations remain stable despite online discussions","Operations remain stable despite online discussions related to Orbinex Components Ltd.. Online sentiment and public commentary continue to evolve.",media
R0037,37,2026-01-09T09:48:00Z,Kalyx Materials Group,legitimate,"Company issues clarification after minor public complaints","Company issues clarification after minor public complaints related to Kalyx Materials Group. Online sentiment and public commentary continue to evolve.",media
R0038,38,2026-01-09T09:51:00Z,Zenlith Logistics Corp.,legitimate,"Positive response noted after transparent communication","Positive response noted after transparent communication related to Zenlith Logistics Corp.. Online sentiment and public commentary continue to evolve.",media
R0039,39,2026-01-09T09:54:00Z,PrimeAxis Industrial Works,restricted,"Lengthy contract procedures spark industry debate","Lengthy contract procedures spark industry debate related to PrimeAxis Industrial Works. Online sentiment and public commentary continue to evolve.",media
R0040,40,2026-01-09T09:57:00Z,Solvex Trade & Sourcing,restricted,"Operational accessibility questioned by mid-sized firms","Operational accessibility questioned by mid-sized firms related to Solvex Trade & Sourcing. Online sentiment and public commentary continue to evolve.",media
R0041,41,2026-01-09T10:00:00Z,Nexvora Industries Pvt. Ltd.,fake,"Users question authenticity after inconsistent public records surface","Users question authenticity after inconsistent public records surface related to Nexvora Industries Pvt. Ltd.. Online sentiment and public commentary continue to evolve.",media
R0042,42,2026-01-09T10:03:00Z,Alturon Global Solutions,fake,"Online discussions allege misleading branding practices","Online discussions allege misleading branding practices related to Alturon Global Solutions. Online sentiment and public commentary continue to evolve.",media
R0043,43,2026-01-09T10:06:00Z,BlueCrest Manufacturing Co.,fake,"Industry watchers flag possible impersonation attempts","Industry watchers flag possible impersonation attempts related to BlueCrest Manufacturing Co.. Online sentiment and public commentary continue to evolve.",media
R0044,44,2026-01-09T10:09:00Z,Veridion Supply Systems,legitimate,"Operations remain stable despite online discussions","Operations remain stable despite online discussions related to Veridion Supply Systems. Online sentiment and public commentary continue to evolve.",media
R0045,45,2026-01-09T10:12:00Z,StratEdge Enterprises,legitimate,"Company issues clarification after minor public complaints","Company issues clarification after minor public complaints related to StratEdge Enterprises. Online sentiment and public commentary continue to evolve.",media
R0046,46,2026-01-09T10:15:00Z,Orbinex Components Ltd.,legitimate,"Positive response noted after transparent communication","Positive response noted after transparent communication related to Orbinex Components Ltd.. Online sentiment and public commentary continue to evolve.",media
R0047,47,2026-01-09T10:18:00Z,Kalyx Materials Group,legitimate,"Stakeholders acknowledge corrective action taken","Stakeholders acknowledge corrective action taken related to Kalyx Materials Group. Online sentiment and public commentary continue to evolve.",media
R0048,48,2026-01-09T10:21:00Z,Zenlith Logistics Corp.,legitimate,"Operations remain stable despite online discussions","Operations remain stable despite online discussions related to Zenlith Logistics Corp.. Online sentiment and public commentary continue to evolve.",media
R0049,49,2026-01-09T10:24:00Z,PrimeAxis Industrial Works,restricted,"Partners express frustration over extended approval timelines","Partners express frustration over extended approval timelines related to PrimeAxis Industrial Works. Online sentiment and public commentary continue to evolve.",media
R0050,50,2026-01-09T10:27:00Z,Solvex Trade & Sourcing,restricted,"Strict onboarding policies trigger negative sentiment","Strict onboarding policies trigger negative sentiment related to Solvex Trade & Sourcing. Online sentiment and public commentary continue to evolve.",media
R0051,51,2026-01-09T10:30:00Z,Nexvora Industries Pvt. Ltd.,fake,"Industry watchers flag possible impersonation attempts","Industry watchers flag possible impersonation attempts related to Nexvora Industries Pvt. Ltd.. Online sentiment and public commentary continue to evolve.",media
R0052,52,2026-01-09T10:33:00Z,Alturon Global Solutions,fake,"Concerns raised over unverifiable operational claims","Concerns raised over unverifiable operational claims related to Alturon Global Solutions. Online sentiment and public commentary continue to evolve.",media
R0053,53,2026-01-09T10:36:00Z,BlueCrest Manufacturing Co.,fake,"Users question authenticity after inconsistent public records surface","Users question authenticity after inconsistent public records surface related to BlueCrest Manufacturing Co.. Online sentiment and public commentary continue to evolve.",media
R0054,54,2026-01-09T10:39:00Z,Veridion Supply Systems,legitimate,"Positive response noted after transparent communication","Positive response noted after transparent communication related to Veridion Supply Systems. Online sentiment and public commentary continue to evolve.",media
R0055,55,2026-01-09T10:42:00Z,StratEdge Enterprises,legitimate,"Stakeholders acknowledge corrective action taken","Stakeholders acknowledge corrective action taken related to StratEdge Enterprises. Online sentiment and public commentary continue to evolve.",media
R0056,56,2026-01-09T10:45:00Z,Orbinex Components Ltd.,legitimate,"Operations remain stable despite online discussions","Operations remain stable despite online discussions related to Orbinex Components Ltd.. Online sentiment and public commentary continue to evolve.",media
R0057,57,2026-01-09T10:48:00Z,Kalyx Materials Group,legitimate,"Company issues clarification after minor public complaints","Company issues clarification after minor public complaints related to Kalyx Materials Group. Online sentiment and public commentary continue to evolve.",media
R0058,58,2026-01-09T10:51:00Z,Zenlith Logistics Corp.,legitimate,"Positive response noted after transparent communication","Positive response noted after transparent communication related to Zenlith Logistics Corp.. Online sentiment and public commentary continue to evolve.",media
R0059,59,2026-01-09T10:54:00Z,PrimeAxis Industrial Works,restricted,"Lengthy contract procedures spark industry debate","Lengthy contract procedures spark industry debate related to PrimeAxis Industrial Works. Online sentiment and public commentary continue to evolve.",media
R0060,60,2026-01-09T10:57:00Z,Solvex Trade & Sourcing,restricted,"Operational accessibility questioned by mid-sized firms","Operational accessibility questioned by mid-sized firms related to Solvex Trade & Sourcing. Online sentiment and public commentary continue to evolve.",media
R0061,61,2026-01-09T11:00:00Z,Nexvora Industries Pvt. Ltd.,fake,"Users question authenticity after inconsistent public records surface","Users question authenticity after inconsistent public records surface related to Nexvora Industries Pvt. Ltd.. Online sentiment and public commentary continue to evolve.",media
R0062,62,2026-01-09T11:03:00Z,Alturon Global Solutions,fake,"Online discussions allege misleading branding practices","Online discussions allege misleading branding practices related to Alturon Global Solutions. Online sentiment and public commentary continue to evolve.",media
R0063,63,2026-01-09T11:06:00Z,BlueCrest Manufacturing Co.,fake,"Industry watchers flag possible impersonation attempts","Industry watchers flag possible impersonation attempts related to BlueCrest Manufacturing Co.. Online sentiment and public commentary continue to evolve.",media
R0064,64,2026-01-09T11:09:00Z,Veridion Supply Systems,legitimate,"Operations remain stable despite online discussions","Operations remain stable despite online discussions related to Veridion Supply Systems. Online sentiment and public commentary continue to evolve.",media
R0065,65,2026-01-09T11:12:00Z,StratEdge Enterprises,legitimate,"Company issues clarification after minor public complaints","Company issues clarification after minor public complaints related to StratEdge Enterprises. Online sentiment and public commentary continue to evolve.",media
R0066,66,2026-01-09T11:15:00Z,Orbinex Components Ltd.,legitimate,"Positive response noted after transparent communication","Positive response noted after transparent communication related to Orbinex Components Ltd.. Online sentiment and public commentary continue to evolve.",media
R0067,67,2026-01-09T11:18:00Z,Kalyx Materials Group,legitimate,"Stakeholders acknowledge corrective action taken","Stakeholders acknowledge corrective action taken related to Kalyx Materials Group. Online sentiment and public commentary continue to evolve.",media
R0068,68,2026-01-09T11:21:00Z,Zenlith Logistics Corp.,legitimate,"Operations remain stable despite online discussions","Operations remain stable despite online discussions related to Zenlith Logistics Corp.. Online sentiment and public commentary continue to evolve.",media
R0069,69,2026-01-09T11:24:00Z,PrimeAxis Industrial Works,restricted,"Partners express frustration over extended approval timelines","Partners express frustration over extended approval timelines related to PrimeAxis Industrial Works. Online sentiment and public commentary continue to evolve.",media
R0070,70,2026-01-09T11:27:00Z,Solvex Trade & Sourcing,restricted,"Strict onboarding policies trigger negative sentiment","Strict onboarding policies trigger negative sentiment related to Solvex Trade & Sourcing. Online sentiment and public commentary continue to evolve.",media
R0071,71,2026-01-09T11:30:00Z,Nexvora Industries Pvt. Ltd.,fake,"Industry watchers flag possible impersonation attempts","Industry watchers flag possible impersonation attempts related to Nexvora Industries Pvt. Ltd.. Online sentiment and public commentary continue to evolve.",media
R0072,72,2026-01-09T11:33:00Z,Alturon Global Solutions,fake,"Concerns raised over unverifiable operational claims","Concerns raised over unverifiable operational claims related to Alturon Global Solutions. Online sentiment and public commentary continue to evolve.",media
R0073,73,2026-01-09T11:36:00Z,BlueCrest Manufacturing Co.,fake,"Users question authenticity after inconsistent public records surface","Users question authenticity after inconsistent public records surface related to BlueCrest Manufacturing Co.. Online sentiment and public commentary continue to evolve.",media
R0074,74,2026-01-09T11:39:00Z,Veridion Supply Systems,legitimate,"Positive response noted after transparent communication","Positive response noted after transparent communication related to Veridion Supply Systems. Online sentiment and public commentary continue to evolve.",media
R0075,75,2026-01-09T11:42:00Z,StratEdge Enterprises,legitimate,"Stakeholders acknowledge corrective action taken","Stakeholders acknowledge corrective action taken related to StratEdge Enterprises. Online sentiment and public commentary continue to evolve.",media
R0076,76,2026-01-09T11:45:00Z,Orbinex Components Ltd.,legitimate,"Operations remain stable despite online discussions","Operations remain stable despite online discussions related to Orbinex Components Ltd.. Online sentiment and public commentary continue to evolve.",media
R0077,77,2026-01-09T11:48:00Z,Kalyx Materials Group,legitimate,"Company issues clarification after minor public complaints","Company issues clarification after minor public complaints related to Kalyx Materials Group. Online sentiment and public commentary continue to evolve.",media
R0078,78,2026-01-09T11:51:00Z,Zenlith Logistics Corp.,legitimate,"Positive response noted after transparent communication","Positive response noted after transparent communication related to Zenlith Logistics Corp.. Online sentiment and public commentary continue to evolve.",media
R0079,79,2026-01-09T11:54:00Z,PrimeAxis Industrial Works,restricted,"Lengthy contract procedures spark industry debate","Lengthy contract procedures spark industry debate related to PrimeAxis Industrial Works. Online sentiment and public commentary continue to evolve.",media
R0080,80,2026-01-09T11:57:00Z,Solvex Trade & Sourcing,restricted,"Operational accessibility questioned by mid-sized firms","Operational accessibility questioned by mid-sized firms related to Solvex Trade & Sourcing. Online sentiment and public commentary continue to evolve.",media
R0081,81,2026-01-09T12:00:00Z,Nexvora Industries Pvt. Ltd.,fake,"Users question authenticity after inconsistent public records surface","Users question authenticity after inconsistent public records surface related to Nexvora Industries Pvt. Ltd.. Online sentiment and public commentary continue to evolve.",media
R0082,82,2026-01-09T12:03:00Z,Alturon Global Solutions,fake,"Online discussions allege misleading branding practices","Online discussions allege misleading branding practices related to Alturon Global Solutions. Online sentiment and public commentary continue to evolve.",media
R0083,83,2026-01-09T12:06:00Z,BlueCrest Manufacturing Co.,fake,"Industry watchers flag possible impersonation attempts","Industry watchers flag possible impersonation attempts related to BlueCrest Manufacturing Co.. Online sentiment and public commentary continue to evolve.",media
R0084,84,2026-01-09T12:09:00Z,Veridion Supply Systems,legitimate,"Operations remain stable despite online discussions","Operations remain stable despite online discussions related to Veridion Supply Systems. Online sentiment and public commentary continue to evolve.",media
R0085,85,2026-01-09T12:12:00Z,StratEdge Enterprises,legitimate,"Company issues clarification after minor public complaints","Company issues clarification after minor public complaints related to StratEdge Enterprises. Online sentiment and public commentary continue to evolve.",media
R0086,86,2026-01-09T12:15:00Z,Orbinex Components Ltd.,legitimate,"Positive response noted after transparent communication","Positive response noted after transparent communication related to Orbinex Components Ltd.. Online sentiment and public commentary continue to evolve.",media
R0087,87,2026-01-09T12:18:00Z,Kalyx Materials Group,legitimate,"Stakeholders acknowledge corrective action taken","Stakeholders acknowledge corrective action taken related to Kalyx Materials Group. Online sentiment and public commentary continue to evolve.",media
R0088,88,2026-01-09T12:21:00Z,Zenlith Logistics Corp.,legitimate,"Operations remain stable despite online discussions","Operations remain stable despite online discussions related to Zenlith Logistics Corp.. Online sentiment and public commentary continue to evolve.",media
R0089,89,2026-01-09T12:24:00Z,PrimeAxis Industrial Works,restricted,"Partners express frustration over extended approval timelines","Partners express frustration over extended approval timelines related to PrimeAxis Industrial Works. Online sentiment and public commentary continue to evolve.",media
R0090,90,2026-01-09T12:27:00Z,Solvex Trade & Sourcing,restricted,"Strict onboarding policies trigger negative sentiment","Strict onboarding policies trigger negative sentiment related to Solvex Trade & Sourcing. Online sentiment and public commentary continue to evolve.",media
